﻿<?xml version="1.0" encoding="utf-8" standalone="no"?>
<!DOCTYPE dotfuscator SYSTEM "http://www.preemptive.com/dotfuscator/dtd/dotfuscator_v2.4.dtd">
<dotfuscator version="2.3">
  <input>
    <loadpaths>
      <file dir="C:\Program Files\Unity\Editor\Data\Managed" />
      <file dir="C:\Program Files\Unity\Editor\Data\UnityExtensions\Unity\Networking\Standalone" />
      <file dir="C:\Program Files\Unity\Editor\Data\UnityExtensions\Unity\GUISystem" />
      <file dir="C:\Users\Drexel\Desktop\Projects\Git\egdl\Assets\eag\3rd Party\Plugins" />
      <file dir="C:\Users\Drexel\Desktop\Projects\Git\egdl\dllscripts\bin\Debug" />
    </loadpaths>
    <asmlist>
      <inputassembly refid="1e67e4ac-3020-40fc-98d3-c91624741844">
        <option>honoroas</option>
        <option>stripoa</option>
        <option>library</option>
        <option>transformxaml</option>
        <file dir="C:\Users\Drexel\Desktop\Projects\Git\egdl\Assets\eag\enablegames\Plugins\Release" name="eaglib.dll" />
      </inputassembly>
    </asmlist>
  </input>
  <output>
    <file dir="${configdir}\Dotfuscated" />
  </output>
  <renaming>
    <option>xmlserialization</option>
    <mapping>
      <mapoutput overwrite="false">
        <file dir="${configdir}\Dotfuscated" name="Map.xml" />
      </mapoutput>
    </mapping>
    <referencerulelist>
      <referencerule rulekey="{6655B10A-FD58-462d-8D4F-5B1316DFF0FF}" />
      <referencerule rulekey="{7D9C8B02-2383-420f-8740-A9760394C2C1}" />
      <referencerule rulekey="{229FD6F8-5BCC-427b-8F72-A7A413ECDF1A}" />
      <referencerule rulekey="{2B7E7C8C-A39A-4db8-9DFC-6AFD38509061}" />
      <referencerule rulekey="{494EA3BA-B947-44B5-BEE8-A11CC85AAF9B}" />
      <referencerule rulekey="{89769974-93E9-4e71-8D92-BE70E855ACFC}" />
      <referencerule rulekey="{4D81E604-A545-4631-8B6D-C3735F793F80}" />
      <referencerule rulekey="{62bd3899-7d53-4336-8ca2-4e5dbae187d5}" />
    </referencerulelist>
  </renaming>
  <sos mergeruntime="true">
    <option>version:v4</option>
    <option>sendanalytics</option>
    <option>dontsendtamper</option>
  </sos>
  <smartobfuscation>
    <smartobfuscationreport verbosity="all" overwrite="false" />
  </smartobfuscation>
</dotfuscator>