﻿<?xml version='1.0'?>
<Obfuscator>
  <Var name="InPath" value="C:\Users\Drexel\Desktop\Projects\Git\egdl\Assets\eag\enablegames\Plugins\Release" />
  <Var name="OutPath" value="$(InPath)\ReadyForDeployment" />
  <Var name="KeepPublicApi" value="false" />
  <Var name="HidePrivateApi" value="true" />
  <Var name="RenameProperties" value="true" />
  <Var name="RenameEvents" value="true" />
  <Var name="RenameFields" value="true" />
  <Var name="UseUnicodeNames" value="true" />
  <Var name="HideStrings" value="true" />
  <Var name="OptimizeMethods" value="true" />
  <Var name="SuppressIldasm" value="true" />
  <AssemblySearchPath path="C:\Program Files\Unity\Editor\Data\Managed" />
  <AssemblySearchPath path="C:\Program Files\Unity\Editor\Data\UnityExtensions\Unity\Networking\Standalone" />
  <AssemblySearchPath path="C:\Program Files\Unity\Editor\Data\UnityExtensions\Unity\GUISystem" />
  <Module file="$(InPath)\eaglib.dll" />
</Obfuscator>
